product_category_name,purchase_month,total_orders,monthly_revenue
beleza_saude,2016-09,1,47.82
moveis_decoracao,2016-10,49,6405.60
beleza_saude,2016-10,36,3955.24
perfumaria,2016-10,26,4926.65
brinquedos,2016-10,22,4249.20
esporte_lazer,2016-10,17,2490.76
informatica_acessorios,2016-10,12,861.84
bebes,2016-10,9,1405.39
utilidades_domesticas,2016-10,9,1066.68
automotivo,2016-10,8,1351.27
fashion_bolsas_e_acessorios,2016-10,7,455.15
consoles_games,2016-10,7,3785.36
cool_stuff,2016-10,7,1236.88
telefonia,2016-10,7,279.83
moveis_escritorio,2016-10,6,1587.55
market_place,2016-10,5,620.95
telefonia_fixa,2016-10,5,774.45
ferramentas_jardim,2016-10,5,1465.19
cama_mesa_banho,2016-10,5,532.92
climatizacao,2016-10,4,826.69
pet_shop,2016-10,4,775.86
relogios_presentes,2016-10,4,2793.71
industria_comercio_e_negocios,2016-10,3,329.95
outros,2016-10,2,95.92
audio,2016-10,2,183.03
alimentos,2016-10,1,96.23
fraldas_higiene,2016-10,1,150.99
eletronicos,2016-10,1,119.79
fashion_calcados,2016-10,1,40.95
fashion_roupa_feminina,2016-10,1,69.63
fashion_roupa_masculina,2016-10,1,35.86
fashion_bolsas_e_acessorios,2016-12,1,19.62
moveis_decoracao,2017-01,132,13477.14
beleza_saude,2017-01,79,13579.77
esporte_lazer,2017-01,57,9156.30
cama_mesa_banho,2017-01,43,4334.18
brinquedos,2017-01,41,5291.26
ferramentas_jardim,2017-01,36,7238.88
bebes,2017-01,31,6622.70
cool_stuff,2017-01,30,6918.11
fashion_bolsas_e_acessorios,2017-01,30,2136.61
perfumaria,2017-01,29,5544.01
automotivo,2017-01,27,4682.21
informatica_acessorios,2017-01,24,3651.11
utilidades_domesticas,2017-01,21,2950.38
telefonia_fixa,2017-01,19,858.06
consoles_games,2017-01,19,4722.34
telefonia,2017-01,17,928.53
pet_shop,2017-01,12,996.39
relogios_presentes,2017-01,11,8310.83
eletronicos,2017-01,11,772.43
outros,2017-01,10,1733.85
moveis_quarto,2017-01,8,148.76
moveis_sala,2017-01,8,1264.50
papelaria,2017-01,7,1105.44
moveis_escritorio,2017-01,6,1079.68
eletroportateis,2017-01,6,1788.25
eletrodomesticos_2,2017-01,6,2006.71
market_place,2017-01,5,504.36
malas_acessorios,2017-01,4,565.38
climatizacao,2017-01,3,569.13
casa_conforto_2,2017-01,2,95.57
fashion_underwear_e_moda_praia,2017-01,2,171.15
fashion_roupa_feminina,2017-01,2,102.81
livros_interesse_geral,2017-01,2,271.55
musica,2017-01,2,37.24
agro_industria_e_comercio,2017-01,2,77.05
alimentos,2017-01,2,78.82
pcs,2017-01,1,2217.99
seguros_e_servicos,2017-01,1,209.06
instrumentos_musicais,2017-01,1,357.74
moveis_cozinha_area_de_servico_jantar_e_jardim,2017-01,1,128.20
fashion_roupa_masculina,2017-01,1,159.11
fashion_calcados,2017-01,1,49.01
dvds_blu_ray,2017-01,1,47.80
moveis_decoracao,2017-02,213,22860.24
beleza_saude,2017-02,143,24572.87
cama_mesa_banho,2017-02,140,16639.92
esporte_lazer,2017-02,134,17517.16
telefonia,2017-02,95,7417.94
informatica_acessorios,2017-02,92,12466.15
automotivo,2017-02,75,13577.95
cool_stuff,2017-02,68,13866.42
brinquedos,2017-02,61,10354.60
utilidades_domesticas,2017-02,61,12342.24
ferramentas_jardim,2017-02,60,12312.50
moveis_escritorio,2017-02,52,11381.36
outros,2017-02,50,9357.27
perfumaria,2017-02,47,8672.80
pet_shop,2017-02,36,4136.51
relogios_presentes,2017-02,32,11524.20
fashion_bolsas_e_acessorios,2017-02,32,2711.65
bebes,2017-02,31,3363.59
eletroportateis,2017-02,25,7632.23
papelaria,2017-02,19,2646.03
malas_acessorios,2017-02,19,1916.41
telefonia_fixa,2017-02,18,865.57
consoles_games,2017-02,18,4637.96
market_place,2017-02,17,1595.93
eletronicos,2017-02,14,1242.47
moveis_sala,2017-02,12,2850.96
climatizacao,2017-02,11,2688.34
alimentos,2017-02,8,875.25
instrumentos_musicais,2017-02,8,2318.65
livros_interesse_geral,2017-02,8,950.02
tablets_impressao_imagem,2017-02,8,940.52
agro_industria_e_comercio,2017-02,7,331.10
eletrodomesticos,2017-02,7,855.40
fashion_roupa_masculina,2017-02,6,644.99
fashion_underwear_e_moda_praia,2017-02,6,468.32
audio,2017-02,5,247.85
construcao_ferramentas_construcao,2017-02,3,393.57
casa_conforto,2017-02,3,471.27
casa_construcao,2017-02,3,559.52
fashion_roupa_feminina,2017-02,3,414.60
fashion_calcados,2017-02,2,157.37
moveis_cozinha_area_de_servico_jantar_e_jardim,2017-02,2,178.33
moveis_quarto,2017-02,1,501.88
livros_tecnicos,2017-02,1,182.40
pcs,2017-02,1,3602.47
industria_comercio_e_negocios,2017-02,1,134.94
eletrodomesticos_2,2017-02,1,30.11
dvds_blu_ray,2017-02,1,35.70
cine_foto,2017-02,1,95.24
construcao_ferramentas_jardim,2017-02,1,312.34
construcao_ferramentas_seguranca,2017-02,1,396.86
moveis_decoracao,2017-03,253,25235.90
cama_mesa_banho,2017-03,239,27689.77
beleza_saude,2017-03,190,28815.75
utilidades_domesticas,2017-03,170,14464.11
esporte_lazer,2017-03,164,27641.56
telefonia,2017-03,153,9865.42
informatica_acessorios,2017-03,147,28379.60
ferramentas_jardim,2017-03,117,23400.63
cool_stuff,2017-03,116,22768.50
perfumaria,2017-03,103,21226.70
brinquedos,2017-03,99,14164.24
relogios_presentes,2017-03,74,26064.34
automotivo,2017-03,67,14516.07
fashion_bolsas_e_acessorios,2017-03,60,5503.88
moveis_escritorio,2017-03,58,10965.69
papelaria,2017-03,56,6994.89
outros,2017-03,54,7142.20
consoles_games,2017-03,45,10724.58
bebes,2017-03,41,4287.84
pet_shop,2017-03,40,8314.08
malas_acessorios,2017-03,35,7222.56
eletronicos,2017-03,32,4091.61
eletroportateis,2017-03,31,12028.55
livros_interesse_geral,2017-03,19,2248.51
alimentos,2017-03,19,2562.96
market_place,2017-03,17,2075.96
moveis_sala,2017-03,17,3100.45
climatizacao,2017-03,16,4315.03
telefonia_fixa,2017-03,14,909.19
fashion_calcados,2017-03,13,1746.18
audio,2017-03,13,1273.68
casa_conforto,2017-03,12,2380.79
eletrodomesticos,2017-03,9,421.45
instrumentos_musicais,2017-03,9,1834.47
fashion_roupa_masculina,2017-03,7,721.36
fashion_underwear_e_moda_praia,2017-03,6,460.62
tablets_impressao_imagem,2017-03,5,587.91
casa_construcao,2017-03,5,590.14
bebidas,2017-03,4,537.88
alimentos_bebidas,2017-03,4,132.93
artes,2017-03,4,255.00
casa_conforto_2,2017-03,3,390.89
dvds_blu_ray,2017-03,3,525.20
moveis_cozinha_area_de_servico_jantar_e_jardim,2017-03,3,169.05
livros_tecnicos,2017-03,2,103.74
eletrodomesticos_2,2017-03,2,568.43
industria_comercio_e_negocios,2017-03,2,282.03
agro_industria_e_comercio,2017-03,2,110.69
construcao_ferramentas_construcao,2017-03,1,53.42
fashion_esporte,2017-03,1,54.01
fashion_roupa_feminina,2017-03,1,30.86
musica,2017-03,1,42.51
sinalizacao_e_seguranca,2017-03,1,91.23
cama_mesa_banho,2017-04,231,26647.19
esporte_lazer,2017-04,184,25700.99
beleza_saude,2017-04,168,24724.96
moveis_decoracao,2017-04,162,20076.99
telefonia,2017-04,138,8991.84
utilidades_domesticas,2017-04,134,13839.68
informatica_acessorios,2017-04,116,19300.92
cool_stuff,2017-04,112,23139.41
brinquedos,2017-04,103,14721.43
perfumaria,2017-04,97,20417.42
ferramentas_jardim,2017-04,93,18623.68
relogios_presentes,2017-04,88,24690.17
automotivo,2017-04,77,15900.53
outros,2017-04,61,9169.31
moveis_escritorio,2017-04,48,9700.28
bebes,2017-04,47,4618.86
eletronicos,2017-04,47,4840.64
pet_shop,2017-04,46,7060.33
malas_acessorios,2017-04,46,8255.63
fashion_bolsas_e_acessorios,2017-04,44,3731.87
papelaria,2017-04,35,5119.99
fashion_calcados,2017-04,20,1946.37
eletroportateis,2017-04,20,23918.29
market_place,2017-04,19,4479.02
instrumentos_musicais,2017-04,16,4114.27
casa_conforto,2017-04,16,2649.86
consoles_games,2017-04,15,4031.79
climatizacao,2017-04,13,2511.45
livros_interesse_geral,2017-04,12,1142.79
moveis_sala,2017-04,11,2398.13
tablets_impressao_imagem,2017-04,9,1082.98
eletrodomesticos,2017-04,9,588.15
audio,2017-04,9,901.67
alimentos,2017-04,8,611.15
moveis_cozinha_area_de_servico_jantar_e_jardim,2017-04,8,1183.66
construcao_ferramentas_jardim,2017-04,7,1595.76
telefonia_fixa,2017-04,6,601.87
fashion_roupa_masculina,2017-04,5,437.39
casa_construcao,2017-04,5,1696.94
fashion_esporte,2017-04,4,244.47
fashion_underwear_e_moda_praia,2017-04,3,132.97
moveis_quarto,2017-04,3,831.36
sinalizacao_e_seguranca,2017-04,3,183.65
musica,2017-04,2,88.84
pc_gamer,2017-04,2,289.73
dvds_blu_ray,2017-04,2,1466.34
eletrodomesticos_2,2017-04,2,946.97
cine_foto,2017-04,2,166.31
alimentos_bebidas,2017-04,2,52.82
artes,2017-04,1,147.17
artigos_de_natal,2017-04,1,93.97
construcao_ferramentas_ferramentas,2017-04,1,748.27
casa_conforto_2,2017-04,1,23.86
fashion_roupa_feminina,2017-04,1,87.74
la_cuisine,2017-04,1,34.81
livros_importados,2017-04,1,33.43
livros_tecnicos,2017-04,1,86.92
moveis_colchao_e_estofado,2017-04,1,130.80
cama_mesa_banho,2017-05,323,37031.90
beleza_saude,2017-05,261,50227.60
utilidades_domesticas,2017-05,259,23243.75
esporte_lazer,2017-05,256,36834.78
informatica_acessorios,2017-05,253,42721.50
cool_stuff,2017-05,230,36154.78
moveis_decoracao,2017-05,226,25485.71
telefonia,2017-05,196,11593.53
brinquedos,2017-05,192,25560.20
perfumaria,2017-05,132,20952.26
ferramentas_jardim,2017-05,121,22303.78
relogios_presentes,2017-05,120,37736.02
automotivo,2017-05,99,19088.95
bebes,2017-05,96,10503.75
fashion_bolsas_e_acessorios,2017-05,91,8746.19
outros,2017-05,82,12022.46
pet_shop,2017-05,66,9354.34
malas_acessorios,2017-05,64,14395.95
papelaria,2017-05,60,6619.06
eletronicos,2017-05,59,6987.19
moveis_escritorio,2017-05,42,8260.13
casa_conforto,2017-05,32,5543.47
eletrodomesticos,2017-05,28,2371.03
moveis_sala,2017-05,27,5099.06
consoles_games,2017-05,26,2781.93
fashion_calcados,2017-05,22,2014.89
market_place,2017-05,21,2827.76
livros_interesse_geral,2017-05,19,2044.98
instrumentos_musicais,2017-05,18,9962.81
audio,2017-05,17,2333.19
eletroportateis,2017-05,16,5672.26
alimentos_bebidas,2017-05,10,424.49
moveis_cozinha_area_de_servico_jantar_e_jardim,2017-05,9,1637.21
telefonia_fixa,2017-05,9,577.02
tablets_impressao_imagem,2017-05,7,1607.02
eletrodomesticos_2,2017-05,7,1587.47
climatizacao,2017-05,6,961.40
fashion_underwear_e_moda_praia,2017-05,6,355.58
moveis_quarto,2017-05,6,1467.20
artes,2017-05,6,7302.75
casa_construcao,2017-05,5,1648.70
construcao_ferramentas_jardim,2017-05,5,1470.18
fashion_roupa_feminina,2017-05,4,415.60
dvds_blu_ray,2017-05,4,150.60
agro_industria_e_comercio,2017-05,4,1763.74
alimentos,2017-05,3,452.25
fashion_esporte,2017-05,3,179.48
fashion_roupa_masculina,2017-05,3,676.21
livros_tecnicos,2017-05,3,316.46
moveis_colchao_e_estofado,2017-05,3,731.88
sinalizacao_e_seguranca,2017-05,3,459.00
industria_comercio_e_negocios,2017-05,2,552.22
construcao_ferramentas_ferramentas,2017-05,2,834.30
construcao_ferramentas_construcao,2017-05,1,149.40
la_cuisine,2017-05,1,232.19
fashion_roupa_infanto_juvenil,2017-05,1,124.52
artes_e_artesanato,2017-05,1,29.66
cine_foto,2017-05,1,91.71
bebidas,2017-05,1,112.95
pc_gamer,2017-05,1,138.15
cama_mesa_banho,2017-06,324,38524.53
utilidades_domesticas,2017-06,280,25983.42
esporte_lazer,2017-06,245,36702.23
beleza_saude,2017-06,233,35689.88
informatica_acessorios,2017-06,212,37623.42
cool_stuff,2017-06,195,42175.86
moveis_decoracao,2017-06,177,18418.92
brinquedos,2017-06,150,17789.55
telefonia,2017-06,148,8672.61
perfumaria,2017-06,140,25637.38
relogios_presentes,2017-06,113,29177.61
automotivo,2017-06,101,31122.77
ferramentas_jardim,2017-06,98,17372.48
fashion_bolsas_e_acessorios,2017-06,75,7989.40
bebes,2017-06,72,8955.13
pet_shop,2017-06,60,6209.70
malas_acessorios,2017-06,59,10093.27
outros,2017-06,50,5132.05
moveis_escritorio,2017-06,45,8149.48
eletrodomesticos,2017-06,42,3095.60
eletronicos,2017-06,39,2573.64
papelaria,2017-06,37,4176.05
consoles_games,2017-06,26,5756.54
eletroportateis,2017-06,23,10342.28
livros_interesse_geral,2017-06,19,2157.28
instrumentos_musicais,2017-06,17,5431.18
casa_conforto,2017-06,17,3100.02
fashion_calcados,2017-06,16,1635.15
market_place,2017-06,15,1414.87
moveis_sala,2017-06,12,1835.73
telefonia_fixa,2017-06,12,1141.43
audio,2017-06,11,1818.24
climatizacao,2017-06,9,1841.02
fashion_roupa_masculina,2017-06,7,655.58
tablets_impressao_imagem,2017-06,6,679.17
eletrodomesticos_2,2017-06,6,1435.07
fashion_esporte,2017-06,5,567.40
moveis_cozinha_area_de_servico_jantar_e_jardim,2017-06,4,542.59
musica,2017-06,4,1141.12
construcao_ferramentas_construcao,2017-06,4,283.13
dvds_blu_ray,2017-06,4,199.74
casa_construcao,2017-06,4,1088.46
artes,2017-06,4,285.35
construcao_ferramentas_jardim,2017-06,3,382.55
fashion_roupa_feminina,2017-06,3,199.30
industria_comercio_e_negocios,2017-06,2,342.17
moveis_quarto,2017-06,2,351.68
livros_tecnicos,2017-06,2,188.53
artigos_de_natal,2017-06,2,246.25
alimentos_bebidas,2017-06,2,82.78
agro_industria_e_comercio,2017-06,1,1422.05
alimentos,2017-06,1,171.79
cine_foto,2017-06,1,112.91
casa_conforto_2,2017-06,1,28.00
bebidas,2017-06,1,69.20
livros_importados,2017-06,1,129.20
fashion_underwear_e_moda_praia,2017-06,1,19.00
fashion_roupa_infanto_juvenil,2017-06,1,118.96
pc_gamer,2017-06,1,156.18
portateis_casa_forno_e_cafe,2017-06,1,88.65
sinalizacao_e_seguranca,2017-06,1,186.95
cama_mesa_banho,2017-07,503,68842.43
esporte_lazer,2017-07,327,40624.76
beleza_saude,2017-07,270,37589.41
informatica_acessorios,2017-07,268,36627.00
moveis_decoracao,2017-07,249,25798.10
utilidades_domesticas,2017-07,220,22294.55
cool_stuff,2017-07,220,40902.75
brinquedos,2017-07,197,27388.06
ferramentas_jardim,2017-07,153,20898.45
relogios_presentes,2017-07,151,35975.81
telefonia,2017-07,135,11060.43
bebes,2017-07,121,17547.11
perfumaria,2017-07,115,13826.89
automotivo,2017-07,103,15234.63
moveis_escritorio,2017-07,97,18483.41
eletronicos,2017-07,84,8066.70
fashion_bolsas_e_acessorios,2017-07,80,6214.56
papelaria,2017-07,72,7974.01
malas_acessorios,2017-07,72,10243.00
pet_shop,2017-07,70,7898.90
outros,2017-07,52,3574.74
consoles_games,2017-07,45,6233.46
eletrodomesticos,2017-07,37,4336.18
casa_conforto,2017-07,36,4527.07
eletroportateis,2017-07,30,3888.97
moveis_sala,2017-07,26,4234.04
instrumentos_musicais,2017-07,26,7695.64
fashion_calcados,2017-07,18,1606.71
market_place,2017-07,13,1799.95
livros_interesse_geral,2017-07,12,1545.28
moveis_cozinha_area_de_servico_jantar_e_jardim,2017-07,9,1384.87
telefonia_fixa,2017-07,8,311.74
fashion_roupa_masculina,2017-07,8,860.33
eletrodomesticos_2,2017-07,7,1306.88
construcao_ferramentas_jardim,2017-07,7,452.70
alimentos,2017-07,7,754.19
alimentos_bebidas,2017-07,7,236.58
audio,2017-07,6,767.29
construcao_ferramentas_construcao,2017-07,5,671.15
climatizacao,2017-07,5,1493.13
cds_dvds_musicais,2017-07,4,238.27
sinalizacao_e_seguranca,2017-07,4,431.83
fashion_roupa_feminina,2017-07,4,364.40
la_cuisine,2017-07,4,559.23
moveis_quarto,2017-07,4,1368.65
dvds_blu_ray,2017-07,3,796.46
fashion_underwear_e_moda_praia,2017-07,3,314.48
artes,2017-07,3,424.90
industria_comercio_e_negocios,2017-07,2,352.25
artigos_de_natal,2017-07,2,98.05
bebidas,2017-07,2,281.84
livros_tecnicos,2017-07,2,580.88
tablets_impressao_imagem,2017-07,2,219.63
moveis_colchao_e_estofado,2017-07,1,178.53
musica,2017-07,1,350.54
agro_industria_e_comercio,2017-07,1,1199.47
construcao_ferramentas_iluminacao,2017-07,1,401.45
casa_conforto_2,2017-07,1,28.00
casa_construcao,2017-07,1,61.90
fashion_esporte,2017-07,1,77.68
artes_e_artesanato,2017-07,1,145.56
artigos_de_festas,2017-07,1,83.41
cama_mesa_banho,2017-08,442,61597.86
esporte_lazer,2017-08,375,44378.90
beleza_saude,2017-08,338,54444.81
moveis_decoracao,2017-08,323,36118.00
informatica_acessorios,2017-08,290,32939.81
utilidades_domesticas,2017-08,245,26719.95
cool_stuff,2017-08,235,42773.26
ferramentas_jardim,2017-08,194,24790.89
relogios_presentes,2017-08,194,38991.84
brinquedos,2017-08,168,20456.89
automotivo,2017-08,128,16188.45
telefonia,2017-08,127,12449.17
bebes,2017-08,120,21562.81
perfumaria,2017-08,117,14193.06
fashion_bolsas_e_acessorios,2017-08,85,7771.92
consoles_games,2017-08,79,9495.27
pet_shop,2017-08,75,11829.64
papelaria,2017-08,75,7705.03
outros,2017-08,64,5662.67
malas_acessorios,2017-08,57,7961.23
eletronicos,2017-08,52,3326.95
moveis_escritorio,2017-08,46,10116.93
eletrodomesticos,2017-08,42,4744.90
eletroportateis,2017-08,32,4693.67
pcs,2017-08,28,33497.41
livros_interesse_geral,2017-08,27,2680.45
casa_conforto,2017-08,24,4452.86
instrumentos_musicais,2017-08,23,7703.20
market_place,2017-08,22,2360.93
moveis_sala,2017-08,21,3027.18
fashion_calcados,2017-08,18,1804.31
eletrodomesticos_2,2017-08,15,4355.28
telefonia_fixa,2017-08,14,3238.14
fashion_underwear_e_moda_praia,2017-08,13,1308.87
fashion_roupa_masculina,2017-08,12,1324.15
climatizacao,2017-08,12,3017.39
alimentos_bebidas,2017-08,12,579.07
livros_tecnicos,2017-08,9,1324.98
alimentos,2017-08,8,500.23
audio,2017-08,7,1146.44
moveis_cozinha_area_de_servico_jantar_e_jardim,2017-08,7,1231.29
construcao_ferramentas_jardim,2017-08,7,950.68
construcao_ferramentas_construcao,2017-08,6,1146.13
dvds_blu_ray,2017-08,6,231.83
tablets_impressao_imagem,2017-08,6,557.82
sinalizacao_e_seguranca,2017-08,4,443.47
fashion_roupa_feminina,2017-08,4,235.65
artes,2017-08,4,317.06
industria_comercio_e_negocios,2017-08,3,1043.95
moveis_quarto,2017-08,3,702.36
moveis_colchao_e_estofado,2017-08,2,633.66
la_cuisine,2017-08,2,373.52
fashion_esporte,2017-08,2,389.44
construcao_ferramentas_iluminacao,2017-08,2,670.98
cds_dvds_musicais,2017-08,2,116.05
bebidas,2017-08,2,148.77
casa_conforto_2,2017-08,2,45.16
casa_construcao,2017-08,1,141.43
artigos_de_natal,2017-08,1,76.88
agro_industria_e_comercio,2017-08,1,56.15
construcao_ferramentas_seguranca,2017-08,1,24.69
livros_importados,2017-08,1,70.34
portateis_casa_forno_e_cafe,2017-08,1,33.75
cama_mesa_banho,2017-09,456,57498.92
esporte_lazer,2017-09,408,52742.37
beleza_saude,2017-09,356,54995.89
moveis_decoracao,2017-09,270,32976.86
brinquedos,2017-09,265,33953.82
relogios_presentes,2017-09,251,48032.10
utilidades_domesticas,2017-09,217,23149.08
informatica_acessorios,2017-09,211,28155.13
cool_stuff,2017-09,196,41657.06
ferramentas_jardim,2017-09,176,23360.56
bebes,2017-09,161,26605.54
telefonia,2017-09,160,19643.15
perfumaria,2017-09,135,15780.39
fashion_bolsas_e_acessorios,2017-09,101,12397.41
automotivo,2017-09,96,13506.40
papelaria,2017-09,69,6900.30
eletronicos,2017-09,65,5459.86
pet_shop,2017-09,62,8932.52
outros,2017-09,61,5965.09
consoles_games,2017-09,58,8958.98
malas_acessorios,2017-09,41,4822.85
pcs,2017-09,39,52062.79
moveis_escritorio,2017-09,36,7525.54
eletroportateis,2017-09,29,10702.48
casa_conforto,2017-09,26,4845.75
instrumentos_musicais,2017-09,22,7726.97
livros_interesse_geral,2017-09,14,1149.77
fashion_underwear_e_moda_praia,2017-09,14,1584.08
alimentos,2017-09,13,1058.26
fashion_calcados,2017-09,12,1349.49
market_place,2017-09,11,1349.62
moveis_sala,2017-09,11,1562.83
fashion_roupa_masculina,2017-09,10,1065.33
eletrodomesticos,2017-09,10,2197.28
audio,2017-09,10,1191.79
casa_construcao,2017-09,9,1378.29
livros_tecnicos,2017-09,8,1136.91
climatizacao,2017-09,7,1782.09
construcao_ferramentas_construcao,2017-09,7,1078.96
alimentos_bebidas,2017-09,6,287.01
eletrodomesticos_2,2017-09,6,1928.62
telefonia_fixa,2017-09,6,2034.12
sinalizacao_e_seguranca,2017-09,5,462.19
bebidas,2017-09,5,290.67
construcao_ferramentas_jardim,2017-09,4,338.97
construcao_ferramentas_seguranca,2017-09,4,1050.73
moveis_cozinha_area_de_servico_jantar_e_jardim,2017-09,4,527.88
moveis_quarto,2017-09,3,610.15
livros_importados,2017-09,3,327.56
fashion_roupa_feminina,2017-09,3,354.23
tablets_impressao_imagem,2017-09,3,279.88
artigos_de_natal,2017-09,3,243.21
agro_industria_e_comercio,2017-09,3,1696.03
construcao_ferramentas_ferramentas,2017-09,3,976.08
artes,2017-09,3,435.85
fashion_esporte,2017-09,2,304.23
dvds_blu_ray,2017-09,2,91.06
industria_comercio_e_negocios,2017-09,2,251.71
moveis_colchao_e_estofado,2017-09,1,133.82
cine_foto,2017-09,1,102.84
fashion_roupa_infanto_juvenil,2017-09,1,107.06
seguros_e_servicos,2017-09,1,115.45
portateis_casa_forno_e_cafe,2017-09,1,673.47
artigos_de_festas,2017-09,1,151.60
construcao_ferramentas_iluminacao,2017-09,1,258.98
casa_conforto_2,2017-09,1,29.69
cama_mesa_banho,2017-10,442,51498.29
esporte_lazer,2017-10,417,53977.11
beleza_saude,2017-10,322,46158.83
relogios_presentes,2017-10,282,68624.05
brinquedos,2017-10,272,37530.03
moveis_decoracao,2017-10,266,29946.09
informatica_acessorios,2017-10,253,39576.48
cool_stuff,2017-10,242,49001.30
telefonia,2017-10,220,22638.91
ferramentas_jardim,2017-10,213,26400.24
utilidades_domesticas,2017-10,188,17938.29
perfumaria,2017-10,175,19512.80
bebes,2017-10,134,19493.72
automotivo,2017-10,130,23239.93
consoles_games,2017-10,99,11951.74
fashion_bolsas_e_acessorios,2017-10,93,9049.55
papelaria,2017-10,89,9393.57
moveis_escritorio,2017-10,69,14832.02
pet_shop,2017-10,64,8625.67
outros,2017-10,58,16727.75
eletronicos,2017-10,55,3875.17
malas_acessorios,2017-10,52,7584.93
audio,2017-10,31,2701.05
eletroportateis,2017-10,30,6969.71
pcs,2017-10,26,40227.20
casa_conforto,2017-10,26,4060.55
instrumentos_musicais,2017-10,19,6765.82
fashion_calcados,2017-10,16,2194.58
construcao_ferramentas_construcao,2017-10,15,2908.25
casa_construcao,2017-10,15,4489.62
alimentos_bebidas,2017-10,15,2350.99
moveis_cozinha_area_de_servico_jantar_e_jardim,2017-10,14,3532.93
moveis_sala,2017-10,13,1573.16
alimentos,2017-10,12,873.62
bebidas,2017-10,10,624.42
market_place,2017-10,10,1178.12
eletrodomesticos_2,2017-10,9,2444.64
construcao_ferramentas_seguranca,2017-10,9,1413.29
climatizacao,2017-10,9,1956.04
construcao_ferramentas_jardim,2017-10,8,614.12
fashion_roupa_masculina,2017-10,8,1008.49
livros_interesse_geral,2017-10,8,741.11
sinalizacao_e_seguranca,2017-10,7,858.65
eletrodomesticos,2017-10,7,2091.71
artigos_de_natal,2017-10,7,463.14
livros_tecnicos,2017-10,6,988.25
telefonia_fixa,2017-10,6,3749.62
industria_comercio_e_negocios,2017-10,5,2468.18
agro_industria_e_comercio,2017-10,5,3558.43
construcao_ferramentas_ferramentas,2017-10,5,1119.96
dvds_blu_ray,2017-10,4,269.10
fashion_underwear_e_moda_praia,2017-10,3,222.95
moveis_quarto,2017-10,3,1099.36
casa_conforto_2,2017-10,3,84.00
artes,2017-10,3,400.45
artigos_de_festas,2017-10,2,163.87
construcao_ferramentas_iluminacao,2017-10,2,651.10
cds_dvds_musicais,2017-10,1,61.11
cine_foto,2017-10,1,107.00
tablets_impressao_imagem,2017-10,1,111.19
musica,2017-10,1,70.03
la_cuisine,2017-10,1,160.83
fashion_esporte,2017-10,1,68.62
fashion_roupa_infanto_juvenil,2017-10,1,54.09
cama_mesa_banho,2017-11,804,97288.25
esporte_lazer,2017-11,542,68750.57
moveis_decoracao,2017-11,536,61411.40
beleza_saude,2017-11,519,84965.21
brinquedos,2017-11,443,70048.91
informatica_acessorios,2017-11,431,69098.47
ferramentas_jardim,2017-11,430,47443.75
relogios_presentes,2017-11,424,101362.00
utilidades_domesticas,2017-11,345,36806.97
telefonia,2017-11,343,29040.11
perfumaria,2017-11,287,35743.61
cool_stuff,2017-11,286,60443.05
automotivo,2017-11,242,38866.15
bebes,2017-11,184,24464.27
fashion_bolsas_e_acessorios,2017-11,178,15246.07
eletronicos,2017-11,163,11602.71
papelaria,2017-11,149,19316.28
consoles_games,2017-11,123,13810.62
outros,2017-11,111,15275.88
pet_shop,2017-11,82,12597.13
moveis_escritorio,2017-11,75,17787.02
malas_acessorios,2017-11,63,9937.39
instrumentos_musicais,2017-11,41,16951.56
casa_conforto,2017-11,40,5938.28
livros_interesse_geral,2017-11,37,3185.27
construcao_ferramentas_construcao,2017-11,36,7048.61
casa_construcao,2017-11,33,5373.67
audio,2017-11,33,3957.06
moveis_sala,2017-11,29,6440.86
moveis_cozinha_area_de_servico_jantar_e_jardim,2017-11,28,5564.38
alimentos_bebidas,2017-11,28,2948.43
eletroportateis,2017-11,27,7415.43
eletrodomesticos,2017-11,25,5069.98
artigos_de_natal,2017-11,18,1661.06
fashion_calcados,2017-11,17,1934.02
climatizacao,2017-11,16,3456.03
construcao_ferramentas_jardim,2017-11,14,1530.97
bebidas,2017-11,14,831.70
agro_industria_e_comercio,2017-11,13,9112.17
eletrodomesticos_2,2017-11,13,5428.50
construcao_ferramentas_seguranca,2017-11,12,3326.80
market_place,2017-11,11,1485.15
fashion_roupa_masculina,2017-11,10,1041.68
fashion_underwear_e_moda_praia,2017-11,10,1391.86
alimentos,2017-11,10,541.30
construcao_ferramentas_iluminacao,2017-11,9,2573.60
pcs,2017-11,7,10060.40
tablets_impressao_imagem,2017-11,6,442.39
flores,2017-11,6,269.29
industria_comercio_e_negocios,2017-11,6,2245.28
livros_tecnicos,2017-11,5,863.82
telefonia_fixa,2017-11,5,1036.48
construcao_ferramentas_ferramentas,2017-11,4,302.85
cds_dvds_musicais,2017-11,3,224.82
dvds_blu_ray,2017-11,3,145.67
artigos_de_festas,2017-11,3,906.57
casa_conforto_2,2017-11,3,80.75
sinalizacao_e_seguranca,2017-11,3,477.27
moveis_quarto,2017-11,3,1050.46
moveis_colchao_e_estofado,2017-11,2,412.81
fashion_roupa_feminina,2017-11,2,84.17
livros_importados,2017-11,2,281.21
la_cuisine,2017-11,1,137.11
artes,2017-11,1,92.78
fashion_esporte,2017-11,1,67.68
cine_foto,2017-11,1,259.94
cama_mesa_banho,2017-12,476,55484.53
esporte_lazer,2017-12,431,64447.06
beleza_saude,2017-12,426,66556.12
brinquedos,2017-12,413,62216.10
relogios_presentes,2017-12,333,74096.36
moveis_decoracao,2017-12,304,33619.29
informatica_acessorios,2017-12,249,38837.54
utilidades_domesticas,2017-12,243,28702.62
ferramentas_jardim,2017-12,243,27809.04
automotivo,2017-12,238,42988.81
telefonia,2017-12,237,15192.41
cool_stuff,2017-12,231,41679.11
papelaria,2017-12,229,28579.40
perfumaria,2017-12,225,29824.45
eletronicos,2017-12,189,11213.52
bebes,2017-12,135,22204.72
outros,2017-12,132,17042.84
fashion_bolsas_e_acessorios,2017-12,123,11860.80
consoles_games,2017-12,87,10023.51
pet_shop,2017-12,69,8431.95
malas_acessorios,2017-12,44,6926.34
instrumentos_musicais,2017-12,41,11427.64
moveis_escritorio,2017-12,38,7426.44
livros_interesse_geral,2017-12,37,2858.66
bebidas,2017-12,31,2474.60
casa_construcao,2017-12,29,6963.16
eletroportateis,2017-12,26,8063.07
construcao_ferramentas_construcao,2017-12,22,6434.95
pcs,2017-12,19,14614.89
alimentos_bebidas,2017-12,18,1342.14
audio,2017-12,17,2941.12
eletrodomesticos,2017-12,16,1672.84
moveis_sala,2017-12,16,2825.47
moveis_cozinha_area_de_servico_jantar_e_jardim,2017-12,16,4673.01
artigos_de_natal,2017-12,14,739.35
casa_conforto,2017-12,14,2544.89
fashion_underwear_e_moda_praia,2017-12,13,1359.62
market_place,2017-12,13,850.26
fashion_calcados,2017-12,12,1305.46
alimentos,2017-12,11,970.98
agro_industria_e_comercio,2017-12,9,5097.98
industria_comercio_e_negocios,2017-12,9,2009.86
moveis_colchao_e_estofado,2017-12,8,1088.40
eletrodomesticos_2,2017-12,8,2272.45
construcao_ferramentas_seguranca,2017-12,7,1525.46
construcao_ferramentas_jardim,2017-12,6,1097.75
construcao_ferramentas_ferramentas,2017-12,6,457.82
tablets_impressao_imagem,2017-12,6,475.02
telefonia_fixa,2017-12,5,1095.81
livros_tecnicos,2017-12,4,735.96
fashion_roupa_masculina,2017-12,4,532.14
climatizacao,2017-12,3,722.34
artes,2017-12,3,163.39
livros_importados,2017-12,3,271.06
sinalizacao_e_seguranca,2017-12,2,842.44
artigos_de_festas,2017-12,2,549.92
construcao_ferramentas_iluminacao,2017-12,2,206.46
flores,2017-12,2,112.98
fraldas_higiene,2017-12,1,49.85
fashion_esporte,2017-12,1,76.76
dvds_blu_ray,2017-12,1,135.49
cds_dvds_musicais,2017-12,1,74.94
moveis_quarto,2017-12,1,230.75
cama_mesa_banho,2018-01,689,82108.21
esporte_lazer,2018-01,575,93654.62
informatica_acessorios,2018-01,574,80680.65
beleza_saude,2018-01,563,79252.42
moveis_decoracao,2018-01,467,56938.06
papelaria,2018-01,368,45620.03
telefonia,2018-01,343,19812.52
relogios_presentes,2018-01,322,76603.26
eletronicos,2018-01,319,20042.36
utilidades_domesticas,2018-01,317,41357.09
cool_stuff,2018-01,285,43868.99
automotivo,2018-01,243,39093.76
bebes,2018-01,209,34457.62
perfumaria,2018-01,207,21885.76
ferramentas_jardim,2018-01,202,30371.75
outros,2018-01,171,22212.08
brinquedos,2018-01,154,23785.08
malas_acessorios,2018-01,121,21431.73
fashion_bolsas_e_acessorios,2018-01,116,9579.34
moveis_escritorio,2018-01,104,19743.90
pet_shop,2018-01,76,11595.91
eletroportateis,2018-01,50,14773.85
consoles_games,2018-01,50,8102.05
instrumentos_musicais,2018-01,49,16317.51
livros_interesse_geral,2018-01,40,2791.32
construcao_ferramentas_construcao,2018-01,40,9781.34
bebidas,2018-01,39,2516.40
casa_construcao,2018-01,27,5470.41
eletrodomesticos,2018-01,26,2081.44
audio,2018-01,25,4130.02
climatizacao,2018-01,22,3702.89
moveis_sala,2018-01,22,2861.95
construcao_ferramentas_jardim,2018-01,21,3668.51
moveis_cozinha_area_de_servico_jantar_e_jardim,2018-01,20,5756.51
artes,2018-01,19,2864.21
alimentos,2018-01,18,1005.05
casa_conforto,2018-01,18,3435.61
livros_tecnicos,2018-01,16,1418.83
industria_comercio_e_negocios,2018-01,15,3043.80
agro_industria_e_comercio,2018-01,15,6180.14
eletrodomesticos_2,2018-01,12,9052.07
market_place,2018-01,12,815.02
pcs,2018-01,11,7646.57
telefonia_fixa,2018-01,10,2633.55
alimentos_bebidas,2018-01,10,502.60
artigos_de_natal,2018-01,9,994.04
construcao_ferramentas_seguranca,2018-01,9,2170.49
moveis_colchao_e_estofado,2018-01,9,1270.40
construcao_ferramentas_ferramentas,2018-01,8,695.13
fashion_underwear_e_moda_praia,2018-01,8,877.02
flores,2018-01,7,299.54
fashion_calcados,2018-01,7,822.31
sinalizacao_e_seguranca,2018-01,7,1048.41
livros_importados,2018-01,6,648.67
construcao_ferramentas_iluminacao,2018-01,6,2274.65
fashion_roupa_masculina,2018-01,5,526.68
moveis_quarto,2018-01,5,1065.04
tablets_impressao_imagem,2018-01,3,186.77
fashion_roupa_feminina,2018-01,3,196.48
fashion_esporte,2018-01,2,145.34
cine_foto,2018-01,2,223.78
dvds_blu_ray,2018-01,2,96.58
artigos_de_festas,2018-01,2,170.26
fraldas_higiene,2018-01,1,37.69
la_cuisine,2018-01,1,130.03
portateis_casa_forno_e_cafe,2018-01,1,385.13
musica,2018-01,1,40.07
informatica_acessorios,2018-02,791,102003.85
beleza_saude,2018-02,595,92042.54
cama_mesa_banho,2018-02,588,65903.59
esporte_lazer,2018-02,571,80931.80
moveis_decoracao,2018-02,336,40598.18
utilidades_domesticas,2018-02,334,39605.55
telefonia,2018-02,328,17595.97
relogios_presentes,2018-02,304,65289.86
eletronicos,2018-02,300,18570.03
automotivo,2018-02,299,46055.62
ferramentas_jardim,2018-02,229,29554.86
perfumaria,2018-02,194,22055.45
cool_stuff,2018-02,176,32790.11
bebes,2018-02,165,28879.00
papelaria,2018-02,131,11947.08
brinquedos,2018-02,130,15816.57
outros,2018-02,107,13608.48
fashion_bolsas_e_acessorios,2018-02,102,11453.77
pet_shop,2018-02,86,10059.10
moveis_escritorio,2018-02,70,14606.13
construcao_ferramentas_construcao,2018-02,53,9359.28
consoles_games,2018-02,50,12692.11
eletrodomesticos,2018-02,47,6322.48
malas_acessorios,2018-02,43,7495.03
instrumentos_musicais,2018-02,39,9288.34
casa_construcao,2018-02,31,5490.16
alimentos,2018-02,30,1770.61
eletroportateis,2018-02,30,5760.90
industria_comercio_e_negocios,2018-02,29,4911.56
livros_interesse_geral,2018-02,28,2423.55
bebidas,2018-02,26,2168.82
livros_tecnicos,2018-02,23,1706.71
eletrodomesticos_2,2018-02,21,9986.74
market_place,2018-02,20,1969.35
alimentos_bebidas,2018-02,20,1260.62
agro_industria_e_comercio,2018-02,20,7376.13
casa_conforto,2018-02,20,3216.27
moveis_sala,2018-02,19,3920.16
artigos_de_natal,2018-02,17,1674.16
moveis_cozinha_area_de_servico_jantar_e_jardim,2018-02,16,4789.49
audio,2018-02,15,3038.58
construcao_ferramentas_jardim,2018-02,14,1663.42
tablets_impressao_imagem,2018-02,12,795.77
construcao_ferramentas_ferramentas,2018-02,11,1493.13
artes,2018-02,11,1355.05
climatizacao,2018-02,11,2579.53
fashion_calcados,2018-02,10,1207.52
sinalizacao_e_seguranca,2018-02,10,766.15
telefonia_fixa,2018-02,9,3196.43
construcao_ferramentas_iluminacao,2018-02,9,1433.72
construcao_ferramentas_seguranca,2018-02,7,6037.87
fashion_underwear_e_moda_praia,2018-02,7,505.29
moveis_quarto,2018-02,6,1098.37
moveis_colchao_e_estofado,2018-02,5,597.69
portateis_casa_forno_e_cafe,2018-02,5,3213.64
flores,2018-02,4,187.70
livros_importados,2018-02,3,351.54
fashion_roupa_masculina,2018-02,3,446.86
musica,2018-02,2,277.24
cine_foto,2018-02,2,272.12
casa_conforto_2,2018-02,2,56.00
fraldas_higiene,2018-02,1,37.69
fashion_roupa_feminina,2018-02,1,45.09
dvds_blu_ray,2018-02,1,42.53
pc_gamer,2018-02,1,150.03
cama_mesa_banho,2018-03,652,75450.32
esporte_lazer,2018-03,645,89384.66
informatica_acessorios,2018-03,630,88432.33
beleza_saude,2018-03,605,93213.56
moveis_decoracao,2018-03,430,50816.33
relogios_presentes,2018-03,407,103186.20
utilidades_domesticas,2018-03,322,38118.41
telefonia,2018-03,320,29336.76
automotivo,2018-03,317,50038.16
cool_stuff,2018-03,239,42648.24
eletronicos,2018-03,237,15456.80
brinquedos,2018-03,215,26791.67
bebes,2018-03,208,44970.83
ferramentas_jardim,2018-03,199,29134.59
perfumaria,2018-03,182,22550.68
moveis_escritorio,2018-03,149,31455.85
papelaria,2018-03,145,15229.67
fashion_bolsas_e_acessorios,2018-03,129,12370.11
outros,2018-03,125,17956.66
pet_shop,2018-03,108,15020.61
eletrodomesticos,2018-03,70,11350.26
consoles_games,2018-03,53,12844.33
malas_acessorios,2018-03,51,6705.30
instrumentos_musicais,2018-03,49,9709.00
construcao_ferramentas_construcao,2018-03,48,9761.63
eletroportateis,2018-03,34,14651.39
livros_interesse_geral,2018-03,33,2091.07
audio,2018-03,33,11210.80
casa_construcao,2018-03,33,5831.99
alimentos,2018-03,33,2011.20
industria_comercio_e_negocios,2018-03,26,3375.82
agro_industria_e_comercio,2018-03,24,5504.66
climatizacao,2018-03,23,2798.14
casa_conforto,2018-03,21,3060.62
bebidas,2018-03,20,1217.65
construcao_ferramentas_jardim,2018-03,19,2535.92
moveis_sala,2018-03,19,4279.80
livros_tecnicos,2018-03,17,1232.47
alimentos_bebidas,2018-03,17,2583.18
market_place,2018-03,16,1855.19
construcao_ferramentas_seguranca,2018-03,13,3968.97
artigos_de_natal,2018-03,12,1194.29
moveis_cozinha_area_de_servico_jantar_e_jardim,2018-03,12,3602.02
construcao_ferramentas_iluminacao,2018-03,12,3080.02
eletrodomesticos_2,2018-03,12,6085.99
telefonia_fixa,2018-03,12,1787.37
fashion_calcados,2018-03,11,1286.57
construcao_ferramentas_ferramentas,2018-03,8,1107.67
artes,2018-03,7,581.66
portateis_casa_forno_e_cafe,2018-03,7,8220.48
sinalizacao_e_seguranca,2018-03,7,941.98
moveis_quarto,2018-03,6,1265.69
cine_foto,2018-03,6,723.59
artigos_de_festas,2018-03,5,1036.04
fashion_underwear_e_moda_praia,2018-03,5,368.41
moveis_colchao_e_estofado,2018-03,4,584.93
flores,2018-03,3,136.41
fashion_roupa_infanto_juvenil,2018-03,2,96.56
livros_importados,2018-03,2,199.39
tablets_impressao_imagem,2018-03,2,174.75
musica,2018-03,2,362.36
dvds_blu_ray,2018-03,2,89.71
casa_conforto_2,2018-03,1,44.33
fraldas_higiene,2018-03,1,38.71
la_cuisine,2018-03,1,426.70
fashion_esporte,2018-03,1,97.39
fashion_roupa_feminina,2018-03,1,38.63
beleza_saude,2018-04,619,100784.41
cama_mesa_banho,2018-04,600,79056.79
esporte_lazer,2018-04,520,71096.35
informatica_acessorios,2018-04,465,61739.54
relogios_presentes,2018-04,462,93883.34
moveis_decoracao,2018-04,458,59554.64
utilidades_domesticas,2018-04,411,50760.98
automotivo,2018-04,328,52712.94
telefonia,2018-04,245,19094.13
ferramentas_jardim,2018-04,232,37333.70
bebes,2018-04,215,52058.94
eletronicos,2018-04,201,14005.23
cool_stuff,2018-04,194,39360.13
brinquedos,2018-04,193,26660.85
perfumaria,2018-04,159,19689.85
pet_shop,2018-04,150,20440.08
papelaria,2018-04,128,12969.62
eletrodomesticos,2018-04,104,17223.20
fashion_bolsas_e_acessorios,2018-04,92,9607.94
moveis_escritorio,2018-04,86,18645.23
construcao_ferramentas_construcao,2018-04,76,12921.33
outros,2018-04,72,9104.51
eletroportateis,2018-04,60,13070.88
casa_construcao,2018-04,58,9834.42
instrumentos_musicais,2018-04,57,20971.44
malas_acessorios,2018-04,53,10149.12
industria_comercio_e_negocios,2018-04,48,6551.30
livros_interesse_geral,2018-04,42,6949.97
construcao_ferramentas_iluminacao,2018-04,37,5225.94
consoles_games,2018-04,37,6146.51
alimentos,2018-04,36,2010.62
audio,2018-04,30,7348.85
bebidas,2018-04,29,2003.09
artes,2018-04,26,2623.04
moveis_sala,2018-04,24,4979.77
livros_tecnicos,2018-04,23,1576.46
construcao_ferramentas_seguranca,2018-04,23,3380.74
eletrodomesticos_2,2018-04,23,21959.04
climatizacao,2018-04,22,3726.56
sinalizacao_e_seguranca,2018-04,22,2399.16
moveis_cozinha_area_de_servico_jantar_e_jardim,2018-04,18,4130.03
construcao_ferramentas_ferramentas,2018-04,16,1598.31
alimentos_bebidas,2018-04,16,769.92
casa_conforto,2018-04,15,2019.85
market_place,2018-04,15,844.83
pcs,2018-04,13,13236.67
portateis_casa_forno_e_cafe,2018-04,13,13921.62
agro_industria_e_comercio,2018-04,12,4783.66
construcao_ferramentas_jardim,2018-04,12,1248.88
fashion_calcados,2018-04,11,1717.97
telefonia_fixa,2018-04,10,1843.43
artigos_de_natal,2018-04,9,432.87
moveis_quarto,2018-04,6,1405.63
fashion_underwear_e_moda_praia,2018-04,6,440.18
musica,2018-04,5,1842.06
cine_foto,2018-04,5,621.13
dvds_blu_ray,2018-04,4,267.67
fraldas_higiene,2018-04,4,200.57
livros_importados,2018-04,4,352.37
flores,2018-04,3,194.49
fashion_esporte,2018-04,1,105.41
fashion_roupa_feminina,2018-04,1,43.63
fashion_roupa_masculina,2018-04,1,234.42
la_cuisine,2018-04,1,167.06
tablets_impressao_imagem,2018-04,1,70.24
cds_dvds_musicais,2018-04,1,117.58
casa_conforto_2,2018-04,1,18.76
artes_e_artesanato,2018-04,1,34.22
artigos_de_festas,2018-04,1,40.13
beleza_saude,2018-05,669,101701.26
cama_mesa_banho,2018-05,600,76781.24
relogios_presentes,2018-05,585,125385.87
utilidades_domesticas,2018-05,492,64427.53
moveis_decoracao,2018-05,456,56300.59
esporte_lazer,2018-05,449,65235.77
informatica_acessorios,2018-05,399,53022.20
automotivo,2018-05,295,47243.58
telefonia,2018-05,237,22607.45
ferramentas_jardim,2018-05,227,38553.54
eletronicos,2018-05,219,19181.18
bebes,2018-05,218,37670.33
brinquedos,2018-05,211,35615.37
perfumaria,2018-05,179,26480.46
cool_stuff,2018-05,168,33151.74
pet_shop,2018-05,127,13346.13
papelaria,2018-05,124,15029.14
fashion_bolsas_e_acessorios,2018-05,104,13111.13
construcao_ferramentas_construcao,2018-05,89,20308.02
moveis_escritorio,2018-05,82,20623.53
eletrodomesticos,2018-05,63,7349.29
casa_construcao,2018-05,63,10119.71
instrumentos_musicais,2018-05,59,20404.08
livros_tecnicos,2018-05,54,3821.41
livros_interesse_geral,2018-05,48,6777.25
malas_acessorios,2018-05,44,7553.10
eletroportateis,2018-05,39,10242.73
consoles_games,2018-05,38,4780.92
outros,2018-05,37,3729.72
alimentos,2018-05,36,1818.59
industria_comercio_e_negocios,2018-05,34,4278.38
artes,2018-05,33,2953.66
bebidas,2018-05,33,2426.23
construcao_ferramentas_iluminacao,2018-05,30,4474.31
eletrodomesticos_2,2018-05,23,15597.83
construcao_ferramentas_seguranca,2018-05,21,6416.61
audio,2018-05,20,3014.41
casa_conforto,2018-05,18,2815.37
cine_foto,2018-05,16,2324.09
alimentos_bebidas,2018-05,15,1071.70
climatizacao,2018-05,13,1991.52
construcao_ferramentas_jardim,2018-05,13,1361.93
market_place,2018-05,13,1144.41
moveis_sala,2018-05,13,2673.06
telefonia_fixa,2018-05,11,1412.13
moveis_cozinha_area_de_servico_jantar_e_jardim,2018-05,10,2089.81
fashion_calcados,2018-05,10,1788.57
livros_importados,2018-05,9,525.71
portateis_casa_forno_e_cafe,2018-05,9,10474.54
agro_industria_e_comercio,2018-05,8,3433.22
pcs,2018-05,6,4223.08
sinalizacao_e_seguranca,2018-05,6,695.33
dvds_blu_ray,2018-05,6,504.94
artigos_de_natal,2018-05,6,672.74
construcao_ferramentas_ferramentas,2018-05,5,506.26
fashion_underwear_e_moda_praia,2018-05,5,278.33
moveis_quarto,2018-05,5,1692.43
musica,2018-05,5,827.40
fraldas_higiene,2018-05,3,159.65
artigos_de_festas,2018-05,3,126.48
portateis_cozinha_e_preparadores_de_alimentos,2018-05,2,2046.41
tablets_impressao_imagem,2018-05,1,58.19
flores,2018-05,1,35.72
artes_e_artesanato,2018-05,1,101.05
fashion_roupa_masculina,2018-05,1,149.87
beleza_saude,2018-06,790,118694.42
cama_mesa_banho,2018-06,649,81731.25
utilidades_domesticas,2018-06,464,63571.89
relogios_presentes,2018-06,444,91859.84
esporte_lazer,2018-06,371,48746.10
informatica_acessorios,2018-06,352,45342.66
moveis_decoracao,2018-06,316,46314.49
automotivo,2018-06,268,49105.13
bebes,2018-06,205,35688.25
telefonia,2018-06,202,25478.86
brinquedos,2018-06,176,23909.22
eletronicos,2018-06,174,11860.06
perfumaria,2018-06,166,29366.01
pet_shop,2018-06,151,21391.37
ferramentas_jardim,2018-06,148,20930.55
papelaria,2018-06,145,15450.36
construcao_ferramentas_construcao,2018-06,108,24723.65
cool_stuff,2018-06,100,21922.23
fashion_bolsas_e_acessorios,2018-06,82,9119.83
eletrodomesticos,2018-06,65,7142.21
casa_construcao,2018-06,60,10062.96
moveis_escritorio,2018-06,59,13688.70
instrumentos_musicais,2018-06,46,17970.76
eletroportateis,2018-06,43,14460.81
consoles_games,2018-06,41,6013.96
malas_acessorios,2018-06,36,6138.72
construcao_ferramentas_iluminacao,2018-06,35,5008.09
livros_interesse_geral,2018-06,32,3362.15
bebidas,2018-06,30,1812.35
artes,2018-06,28,3019.18
moveis_sala,2018-06,27,4376.50
livros_tecnicos,2018-06,26,2184.59
alimentos,2018-06,24,1693.59
outros,2018-06,22,2773.84
moveis_cozinha_area_de_servico_jantar_e_jardim,2018-06,21,3246.54
industria_comercio_e_negocios,2018-06,21,2968.32
audio,2018-06,19,2198.26
eletrodomesticos_2,2018-06,18,9081.08
sinalizacao_e_seguranca,2018-06,18,4098.00
casa_conforto,2018-06,16,2701.94
construcao_ferramentas_seguranca,2018-06,16,2972.88
telefonia_fixa,2018-06,15,2041.88
construcao_ferramentas_jardim,2018-06,11,1067.60
fashion_calcados,2018-06,10,1450.18
agro_industria_e_comercio,2018-06,10,3843.05
alimentos_bebidas,2018-06,9,442.37
cine_foto,2018-06,9,533.67
climatizacao,2018-06,9,2688.64
livros_importados,2018-06,9,606.16
moveis_quarto,2018-06,8,1837.65
pcs,2018-06,8,10148.65
market_place,2018-06,7,678.79
fraldas_higiene,2018-06,7,427.70
fashion_roupa_masculina,2018-06,6,505.64
artigos_de_natal,2018-06,6,426.70
dvds_blu_ray,2018-06,5,449.54
construcao_ferramentas_ferramentas,2018-06,4,623.81
fashion_underwear_e_moda_praia,2018-06,3,160.24
portateis_casa_forno_e_cafe,2018-06,3,3672.13
musica,2018-06,3,169.56
artigos_de_festas,2018-06,2,112.38
tablets_impressao_imagem,2018-06,1,72.85
flores,2018-06,1,70.35
fashion_roupa_infanto_juvenil,2018-06,1,97.48
casa_conforto_2,2018-06,1,25.69
beleza_saude,2018-07,699,114661.31
cama_mesa_banho,2018-07,511,61115.70
relogios_presentes,2018-07,507,104308.40
utilidades_domesticas,2018-07,462,68745.93
esporte_lazer,2018-07,410,60102.66
informatica_acessorios,2018-07,381,46781.55
moveis_decoracao,2018-07,343,50228.18
automotivo,2018-07,324,49512.34
bebes,2018-07,206,26546.46
telefonia,2018-07,202,28848.02
papelaria,2018-07,168,20514.53
perfumaria,2018-07,168,22897.99
ferramentas_jardim,2018-07,152,27984.66
brinquedos,2018-07,148,20029.19
eletronicos,2018-07,142,11133.07
pet_shop,2018-07,138,20991.25
cool_stuff,2018-07,113,23811.70
construcao_ferramentas_construcao,2018-07,98,15961.47
eletrodomesticos,2018-07,78,6405.16
fashion_bolsas_e_acessorios,2018-07,74,7271.87
moveis_escritorio,2018-07,62,13077.81
alimentos,2018-07,59,4116.03
casa_construcao,2018-07,57,8076.75
malas_acessorios,2018-07,53,7140.51
consoles_games,2018-07,49,9539.14
moveis_sala,2018-07,49,7845.65
outros,2018-07,42,5461.22
construcao_ferramentas_iluminacao,2018-07,40,7656.47
eletroportateis,2018-07,35,8200.70
instrumentos_musicais,2018-07,32,8098.16
livros_tecnicos,2018-07,26,2461.19
agro_industria_e_comercio,2018-07,26,7476.33
livros_interesse_geral,2018-07,25,4496.16
casa_conforto,2018-07,23,3467.50
eletrodomesticos_2,2018-07,22,13584.85
artes,2018-07,21,2265.73
audio,2018-07,21,2386.71
moveis_cozinha_area_de_servico_jantar_e_jardim,2018-07,20,4350.28
sinalizacao_e_seguranca,2018-07,19,3160.12
construcao_ferramentas_jardim,2018-07,19,2520.09
bebidas,2018-07,16,1538.48
construcao_ferramentas_seguranca,2018-07,15,2142.90
climatizacao,2018-07,15,3030.50
portateis_casa_forno_e_cafe,2018-07,14,5171.36
alimentos_bebidas,2018-07,14,982.68
industria_comercio_e_negocios,2018-07,13,5474.62
construcao_ferramentas_ferramentas,2018-07,10,4406.09
artes_e_artesanato,2018-07,10,804.60
artigos_de_natal,2018-07,8,661.66
telefonia_fixa,2018-07,8,4202.02
pcs,2018-07,8,11947.48
portateis_cozinha_e_preparadores_de_alimentos,2018-07,7,247.40
cine_foto,2018-07,7,1291.61
moveis_quarto,2018-07,7,1444.37
livros_importados,2018-07,5,464.04
fashion_calcados,2018-07,5,985.44
fashion_roupa_masculina,2018-07,5,295.68
market_place,2018-07,4,277.34
fraldas_higiene,2018-07,3,197.89
musica,2018-07,3,893.28
flores,2018-07,2,83.36
fashion_underwear_e_moda_praia,2018-07,2,141.33
casa_conforto_2,2018-07,2,58.83
artigos_de_festas,2018-07,2,84.36
dvds_blu_ray,2018-07,1,96.88
moveis_colchao_e_estofado,2018-07,1,141.83
pc_gamer,2018-07,1,228.69
beleza_saude,2018-08,765,131217.74
cama_mesa_banho,2018-08,555,70274.47
utilidades_domesticas,2018-08,549,68468.22
esporte_lazer,2018-08,432,57791.59
relogios_presentes,2018-08,387,76259.27
informatica_acessorios,2018-08,380,44328.79
automotivo,2018-08,345,51590.95
moveis_decoracao,2018-08,341,47007.46
telefonia,2018-08,240,36427.75
perfumaria,2018-08,203,27111.18
bebes,2018-08,201,25551.84
pet_shop,2018-08,166,26667.81
papelaria,2018-08,158,18401.48
brinquedos,2018-08,151,19759.75
construcao_ferramentas_construcao,2018-08,124,23837.22
fashion_bolsas_e_acessorios,2018-08,121,9844.68
ferramentas_jardim,2018-08,120,19362.23
cool_stuff,2018-08,116,18230.09
eletronicos,2018-08,114,12737.87
alimentos,2018-08,102,8941.07
eletrodomesticos,2018-08,62,7718.14
malas_acessorios,2018-08,62,7909.08
construcao_ferramentas_iluminacao,2018-08,56,9556.44
consoles_games,2018-08,53,4774.80
casa_construcao,2018-08,44,7140.91
instrumentos_musicais,2018-08,39,11588.85
moveis_sala,2018-08,38,6624.32
livros_interesse_geral,2018-08,34,2048.74
outros,2018-08,29,2612.48
livros_tecnicos,2018-08,28,1828.04
moveis_escritorio,2018-08,24,6993.16
bebidas,2018-08,24,1706.82
audio,2018-08,24,2405.84
eletroportateis,2018-08,23,6841.09
construcao_ferramentas_seguranca,2018-08,21,4153.06
moveis_cozinha_area_de_servico_jantar_e_jardim,2018-08,19,2334.08
construcao_ferramentas_jardim,2018-08,19,4176.29
artes,2018-08,18,1775.90
climatizacao,2018-08,17,3459.53
portateis_casa_forno_e_cafe,2018-08,17,3391.13
sinalizacao_e_seguranca,2018-08,16,1753.81
alimentos_bebidas,2018-08,16,1303.67
casa_conforto,2018-08,15,2463.05
artigos_de_festas,2018-08,14,1590.42
agro_industria_e_comercio,2018-08,14,4679.70
construcao_ferramentas_ferramentas,2018-08,14,1497.04
eletrodomesticos_2,2018-08,14,8248.52
moveis_quarto,2018-08,10,2472.80
pcs,2018-08,10,7581.21
telefonia_fixa,2018-08,10,2891.02
artigos_de_natal,2018-08,10,728.36
artes_e_artesanato,2018-08,9,1069.05
industria_comercio_e_negocios,2018-08,9,2633.43
market_place,2018-08,8,1107.97
cine_foto,2018-08,8,697.12
musica,2018-08,6,582.61
portateis_cozinha_e_preparadores_de_alimentos,2018-08,4,1905.56
fashion_roupa_masculina,2018-08,3,466.98
fraldas_higiene,2018-08,3,276.93
fashion_calcados,2018-08,3,577.21
fashion_roupa_feminina,2018-08,2,169.13
fashion_underwear_e_moda_praia,2018-08,1,173.78
livros_importados,2018-08,1,804.96
fashion_esporte,2018-08,1,83.05
dvds_blu_ray,2018-08,1,16.29
pc_gamer,2018-08,1,238.63
